step,time_hours,demand,solar,price,soc,battery_flow_mw,emergency_generator_mw,curtail_solar_mw,fcas_reserve_mw,net_grid_power_mw,unmet_demand_mw,overvoltage_mw,step_cost,cum_cost
0,0.0,38.0,0.0,140.0,0.5,0.0,0.0,0.0,0.0,38.0,0.0,0.0,0.0,39662.5
1,0.25,37.0,0.0,138.0,0.5,0.0,0.0,0.0,0.0,37.0,0.0,0.0,0.0,41262.76
2,0.5,37.0,0.0,135.0,0.5,0.0,0.0,0.0,0.0,37.0,0.0,0.0,0.0,42835.26
3,0.75,36.0,0.0,133.0,0.5,0.0,0.0,0.0,0.0,36.0,0.0,0.0,0.0,44347.27
4,1.0,36.0,0.0,130.0,0.5,0.0,0.0,0.0,0.0,36.0,0.0,0.0,0.0,45832.27
5,1.25,35.0,0.0,128.0,0.5,0.0,0.0,0.0,0.0,35.0,0.0,0.0,0.0,47258.53
6,1.5,34.0,0.0,125.0,0.5,0.0,0.0,0.0,0.0,34.0,0.0,0.0,0.0,48618.54
7,1.75,34.0,0.0,122.0,0.5,0.0,0.0,0.0,0.0,34.0,0.0,0.0,0.0,49953.04
8,2.0,33.0,0.0,120.0,0.5,0.0,0.0,0.0,0.0,33.0,0.0,0.0,0.0,51231.8
9,2.25,33.0,0.0,117.0,0.5,0.0,0.0,0.0,0.0,33.0,0.0,0.0,0.0,52485.8
10,2.5,32.0,0.0,115.0,0.5,0.0,0.0,0.0,0.0,32.0,0.0,0.0,0.0,53685.81
11,2.75,32.0,0.0,113.0,0.5,0.0,0.0,0.0,0.0,32.0,0.0,0.0,0.0,54869.81
12,3.0,32.0,0.0,110.0,0.5,0.0,0.0,0.0,0.0,32.0,0.0,0.0,0.0,56029.81
13,3.25,31.0,0.0,107.0,0.5,0.0,0.0,0.0,0.0,31.0,0.0,0.0,0.0,57130.32
14,3.5,31.0,0.0,105.0,0.5,0.0,0.0,0.0,0.0,31.0,0.0,0.0,0.0,58215.32
15,3.75,30.0,0.0,103.0,0.5,0.0,0.0,0.0,0.0,30.0,0.0,0.0,0.0,59250.33
16,4.0,30.0,0.0,100.0,0.5,0.0,0.0,0.0,0.0,30.0,0.0,0.0,0.0,60262.83
17,4.25,30.0,0.0,100.0,0.5,0.0,0.0,0.0,0.0,30.0,0.0,0.0,0.0,61275.33
18,4.5,30.0,0.0,100.0,0.5,0.0,0.0,0.0,0.0,30.0,0.0,0.0,0.0,62287.83
19,4.75,30.0,0.0,100.0,0.5,0.0,0.0,0.0,0.0,30.0,0.0,0.0,0.0,63300.33
20,5.0,30.0,0.0,100.0,0.5,0.0,0.0,0.0,0.0,30.0,0.0,0.0,0.0,64312.83
21,5.25,30.0,0.0,105.0,0.5,0.0,0.0,0.0,0.0,30.0,0.0,0.0,0.0,65362.83
22,5.5,31.0,0.0,110.0,0.5,0.0,0.0,0.0,0.0,31.0,0.0,0.0,0.0,66486.59
23,5.75,32.0,0.0,115.0,0.5,0.0,0.0,0.0,0.0,32.0,0.0,0.0,0.0,67686.6
24,6.0,32.0,0.0,120.0,0.5,0.0,0.0,0.0,0.0,32.0,0.0,0.0,0.0,68926.6
25,6.25,33.0,1.0,124.0,0.5,0.0,0.0,0.0,0.0,32.0,0.0,0.0,0.0,70198.6
26,6.5,34.0,2.0,128.0,0.5,0.0,0.0,0.0,0.0,32.0,0.0,0.0,0.0,71502.6
27,6.75,35.0,5.0,131.0,0.5,0.0,0.0,0.0,0.0,30.0,0.0,0.0,0.0,72747.64
28,7.0,36.0,8.0,135.0,0.5,0.0,0.0,0.0,0.0,28.0,0.0,0.0,0.0,73937.68
29,7.25,38.0,12.0,139.0,0.5,0.0,0.0,0.0,0.0,26.0,0.0,0.0,0.0,75068.72
30,7.5,39.0,16.0,142.0,0.5,0.0,0.0,0.0,0.0,23.0,0.0,0.0,0.0,76086.56
31,7.75,40.0,23.0,146.0,0.5,0.0,0.0,0.0,0.0,17.0,0.0,0.0,0.0,76856.17
32,8.0,42.0,30.0,150.0,0.5,0.0,0.0,0.0,0.0,12.0,0.0,0.0,0.0,77411.42
33,8.25,43.0,36.0,138.0,0.5,0.0,0.0,0.0,0.0,7.0,0.0,0.0,0.0,77714.42
34,8.5,44.0,42.0,125.0,0.5,0.0,0.0,0.0,0.0,2.0,0.0,0.0,0.0,77794.67
35,8.75,45.0,49.0,113.0,0.5095,-4.0,0.0,0.0,0.0,0.0,0.0,0.0,0.0,77844.71
36,9.0,46.0,55.0,100.0,0.530875,-9.0,0.0,0.0,0.0,0.0,0.0,0.0,0.0,77957.21
37,9.25,46.0,61.0,85.0,0.5665,-15.0,0.0,0.0,0.0,0.0,0.0,0.0,0.0,78144.71
38,9.5,45.0,66.0,70.0,0.616375,-21.0,0.0,0.0,0.0,0.0,0.0,0.0,0.0,78407.21
39,9.75,44.0,72.0,55.0,0.682875,-28.0,0.0,0.0,0.0,0.0,0.0,0.0,0.0,78757.21
40,10.0,44.0,78.0,40.0,0.763625,-34.0,0.0,0.0,0.0,0.0,0.0,0.0,0.0,79182.21
41,10.25,43.0,84.0,30.0,0.861,-41.0,0.0,0.0,0.0,0.0,0.0,0.0,0.0,79694.71
42,10.5,42.0,90.0,20.0,0.975,-48.0,0.0,0.0,0.0,0.0,0.0,0.0,0.0,80294.71
43,10.75,41.0,95.0,10.0,1.0,-50.0,0.0,0.0,0.0,-43.47368421052631,0.0,0.0,0.0,79901.76750692521
44,11.0,40.0,100.0,0.0,1.0,0.0,0.0,10.0,0.0,-50.0,0.0,0.0,0.0,79277.19343490305
45,11.25,39.0,104.0,-7.0,1.0,0.0,0.0,15.0,0.0,-50.0,0.0,0.0,0.0,78652.19343490305
46,11.5,38.0,108.0,-15.0,1.0,0.0,0.0,20.0,0.0,-50.0,0.0,0.0,0.0,78027.19343490305
47,11.75,37.0,113.0,-22.0,1.0,0.0,0.0,26.0,0.0,-50.0,0.0,0.0,0.0,77402.19343490305
48,12.0,36.0,118.0,-30.0,1.0,0.0,0.0,32.0,0.0,-50.0,0.0,0.0,0.0,76777.19343490305
49,12.25,36.0,119.0,-33.0,1.0,0.0,0.0,33.0,0.0,-50.0,0.0,0.0,0.0,76152.19343490305
50,12.5,35.0,120.0,-35.0,1.0,0.0,0.0,35.0,0.0,-50.0,0.0,0.0,0.0,75527.19343490305
51,12.75,34.0,118.0,-37.0,1.0,0.0,0.0,34.0,0.0,-50.0,0.0,0.0,0.0,74902.19343490305
52,13.0,34.0,116.0,-40.0,1.0,0.0,0.0,32.0,0.0,-50.0,0.0,0.0,0.0,74277.19343490305
53,13.25,34.0,113.0,-35.0,1.0,0.0,0.0,29.0,0.0,-50.0,0.0,0.0,0.0,73652.19343490305
54,13.5,35.0,110.0,-30.0,1.0,0.0,0.0,25.0,0.0,-50.0,0.0,0.0,0.0,73027.19343490305
55,13.75,36.0,105.0,-25.0,1.0,0.0,0.0,19.0,0.0,-50.0,0.0,0.0,0.0,72402.19343490305
56,14.0,36.0,100.0,-20.0,1.0,0.0,0.0,14.0,0.0,-50.0,0.0,0.0,0.0,71777.19343490305
57,14.25,37.0,96.0,-10.0,1.0,0.0,0.0,9.0,0.0,-50.0,0.0,0.0,0.0,71152.19343490305
58,14.5,38.0,91.0,0.0,1.0,0.0,0.0,3.0,0.0,-50.0,0.0,0.0,0.0,70527.19343490305
59,14.75,39.0,86.0,10.0,1.0,0.0,0.0,0.0,0.0,-47.0,0.0,0.0,0.0,69939.78343490305
60,15.0,40.0,82.0,20.0,1.0,0.0,0.0,0.0,0.0,-42.0,0.0,0.0,0.0,69415.03343490305
61,15.25,43.0,76.0,40.0,1.0,0.0,0.0,0.0,0.0,-33.0,0.0,0.0,0.0,69003.34343490304
62,15.5,46.0,70.0,60.0,1.0,0.0,0.0,0.0,0.0,-24.0,0.0,0.0,0.0,68704.15343490304
63,15.75,49.0,64.0,80.0,1.0,0.0,0.0,0.0,0.0,-15.0,0.0,0.0,0.0,68517.46343490305
64,16.0,52.0,58.0,100.0,1.0,0.0,0.0,0.0,0.0,-6.0,0.0,0.0,0.0,68443.27343490305
65,16.25,57.0,50.0,138.0,1.0,0.0,0.0,0.0,0.0,7.0,0.0,0.0,0.0,68747.71343490305
66,16.5,62.0,42.0,175.0,1.0,0.0,0.0,0.0,0.0,20.0,0.0,0.0,0.0,69799.40343490304
67,16.75,71.0,35.0,212.0,1.0,0.0,0.0,0.0,0.0,36.0,0.0,0.0,0.0,72024.96343490305
68,17.0,80.0,28.0,250.0,1.0,0.0,0.0,0.0,0.0,52.0,0.0,0.0,0.0,89732.52343490305
69,17.25,89.0,22.0,300.0,1.0,0.0,0.0,0.0,0.0,67.0,0.0,0.0,0.0,110346.02343490305
70,17.5,98.0,16.0,350.0,1.0,0.0,0.0,0.0,0.0,82.0,0.0,0.0,0.0,133240.77343490304
71,17.75,104.0,11.0,395.0,0.9789473684210527,8.0,0.0,0.0,0.0,85.0,0.0,0.0,0.0,145478.36343490306
72,18.0,110.0,6.0,440.0,0.9289473684210526,19.0,0.0,0.0,0.0,85.0,0.0,0.0,0.0,155809.61343490306
73,18.25,112.0,4.0,460.0,0.8289473684210527,38.0,0.0,0.0,0.0,70.0,0.0,0.0,0.0,164949.36343490306
74,18.5,114.0,1.0,480.0,0.7157894736842105,43.0,0.0,0.0,0.0,70.0,0.0,0.0,0.0,174499.36343490306
75,18.75,115.0,0.0,490.0,0.5973684210526315,45.0,0.0,0.0,0.0,70.0,0.0,0.0,0.0,184249.36343490306
76,19.0,116.0,0.0,500.0,0.4763157894736842,46.0,0.0,0.0,0.0,70.0,0.0,0.0,0.0,194186.86343490306
77,19.25,115.0,0.0,500.0,0.35789473684210527,45.0,0.0,0.0,0.0,70.0,0.0,0.0,0.0,204111.86343490306
78,19.5,114.0,0.0,500.0,0.24210526315789474,44.0,0.0,0.0,0.0,70.0,0.0,0.0,0.0,214024.36343490306
79,19.75,111.0,0.0,480.0,0.13421052631578947,41.0,0.0,0.0,0.0,70.0,0.0,0.0,0.0,223549.36343490306
80,20.0,108.0,0.0,460.0,0.03421052631578947,38.0,0.0,0.0,0.0,70.0,0.0,0.0,0.0,232686.86343490306
81,20.25,103.0,0.0,435.0,0.03421052631578947,0.0,0.0,0.0,0.0,103.0,0.0,0.0,0.0,262800.25343490305
82,20.5,98.0,0.0,410.0,0.03421052631578947,0.0,0.0,0.0,0.0,98.0,0.0,0.0,0.0,273703.00343490305
83,20.75,92.0,0.0,385.0,0.03421052631578947,0.0,0.0,0.0,0.0,92.0,0.0,0.0,0.0,283363.36343490303
84,21.0,85.0,0.0,360.0,0.03421052631578947,0.0,0.0,0.0,0.0,85.0,0.0,0.0,0.0,291757.603434903
85,21.25,79.0,0.0,330.0,0.03421052631578947,0.0,0.0,0.0,0.0,79.0,0.0,0.0,0.0,298966.71343490307
86,21.5,74.0,0.0,300.0,0.03421052631578947,0.0,0.0,0.0,0.0,74.0,0.0,0.0,0.0,305164.46343490307
87,21.75,68.0,0.0,270.0,0.03421052631578947,0.0,0.0,0.0,0.0,68.0,0.0,0.0,0.0,310349.82343490305
88,22.0,62.0,0.0,240.0,0.03421052631578947,0.0,0.0,0.0,0.0,62.0,0.0,0.0,0.0,314612.68343490304
89,22.25,58.0,0.0,220.0,0.03421052631578947,0.0,0.0,0.0,0.0,58.0,0.0,0.0,0.0,318310.3434349031
90,22.5,54.0,0.0,200.0,0.03421052631578947,0.0,0.0,0.0,0.0,54.0,0.0,0.0,0.0,321483.00343490305
91,22.75,50.0,0.0,180.0,0.03421052631578947,0.0,0.0,0.0,0.0,50.0,0.0,0.0,0.0,324170.663434903
92,23.0,46.0,0.0,160.0,0.03421052631578947,0.0,0.0,0.0,0.0,46.0,0.0,0.0,0.0,326413.32343490305
93,23.25,44.0,0.0,155.0,0.03421052631578947,0.0,0.0,0.0,0.0,44.0,0.0,0.0,0.0,328503.36343490303
94,23.5,42.0,0.0,150.0,0.03421052631578947,0.0,0.0,0.0,0.0,42.0,0.0,0.0,0.0,330445.90343490307
95,23.75,40.0,0.0,145.0,0.03421052631578947,0.0,0.0,0.0,0.0,40.0,0.0,0.0,0.0,332245.94343490305
96,24.0,40.0,0.0,150.0,0.03421052631578947,0.0,0.0,0.0,0.0,40.0,0.0,0.0,0.0,334095.94343490305
97,24.25,39.0,0.0,147.0,0.03421052631578947,0.0,0.0,0.0,0.0,39.0,0.0,0.0,0.0,335870.45343490306
98,24.5,39.0,0.0,145.0,0.03421052631578947,0.0,0.0,0.0,0.0,39.0,0.0,0.0,0.0,337625.45343490306
99,24.75,38.0,0.0,142.0,0.03421052631578947,0.0,0.0,0.0,0.0,38.0,0.0,0.0,0.0,339306.96343490307
100,25.0,38.0,0.0,140.0,0.03421052631578947,0.0,0.0,0.0,0.0,38.0,0.0,0.0,0.0,340969.46343490307
101,25.25,37.0,0.0,138.0,0.03421052631578947,0.0,0.0,0.0,0.0,37.0,0.0,0.0,0.0,342569.7234349031
102,25.5,36.0,0.0,135.0,0.03421052631578947,0.0,0.0,0.0,0.0,36.0,0.0,0.0,0.0,344099.733434903
103,25.75,36.0,0.0,133.0,0.03421052631578947,0.0,0.0,0.0,0.0,36.0,0.0,0.0,0.0,345611.733434903
104,26.0,35.0,0.0,130.0,0.03421052631578947,0.0,0.0,0.0,0.0,35.0,0.0,0.0,0.0,347055.49343490304
105,26.25,35.0,0.0,128.0,0.03421052631578947,0.0,0.0,0.0,0.0,35.0,0.0,0.0,0.0,348481.74343490304
106,26.5,34.0,0.0,125.0,0.03421052631578947,0.0,0.0,0.0,0.0,34.0,0.0,0.0,0.0,349841.75343490305
107,26.75,34.0,0.0,122.0,0.03421052631578947,0.0,0.0,0.0,0.0,34.0,0.0,0.0,0.0,351176.25343490305
108,27.0,34.0,0.0,120.0,0.03421052631578947,0.0,0.0,0.0,0.0,34.0,0.0,0.0,0.0,352493.75343490305
109,27.25,33.0,0.0,118.0,0.03421052631578947,0.0,0.0,0.0,0.0,33.0,0.0,0.0,0.0,353756.01343490306
110,27.5,33.0,0.0,115.0,0.03421052631578947,0.0,0.0,0.0,0.0,33.0,0.0,0.0,0.0,354993.51343490306
111,27.75,32.0,0.0,113.0,0.03421052631578947,0.0,0.0,0.0,0.0,32.0,0.0,0.0,0.0,356177.52343490307
112,28.0,32.0,0.0,110.0,0.03421052631578947,0.0,0.0,0.0,0.0,32.0,0.0,0.0,0.0,357337.52343490307
113,28.25,32.0,0.0,110.0,0.03421052631578947,0.0,0.0,0.0,0.0,32.0,0.0,0.0,0.0,358497.52343490307
114,28.5,32.0,0.0,110.0,0.03421052631578947,0.0,0.0,0.0,0.0,32.0,0.0,0.0,0.0,359657.52343490307
115,28.75,32.0,0.0,110.0,0.03421052631578947,0.0,0.0,0.0,0.0,32.0,0.0,0.0,0.0,360817.52343490307
116,29.0,32.0,0.0,110.0,0.03421052631578947,0.0,0.0,0.0,0.0,32.0,0.0,0.0,0.0,361977.52343490307
117,29.25,32.0,0.0,115.0,0.03421052631578947,0.0,0.0,0.0,0.0,32.0,0.0,0.0,0.0,363177.52343490307
118,29.5,33.0,0.0,120.0,0.03421052631578947,0.0,0.0,0.0,0.0,33.0,0.0,0.0,0.0,364456.2834349031
119,29.75,34.0,0.0,125.0,0.03421052631578947,0.0,0.0,0.0,0.0,34.0,0.0,0.0,0.0,365816.293434903
120,30.0,34.0,0.0,130.0,0.03421052631578947,0.0,0.0,0.0,0.0,34.0,0.0,0.0,0.0,367218.793434903
121,30.25,35.0,0.0,134.0,0.03421052631578947,0.0,0.0,0.0,0.0,35.0,0.0,0.0,0.0,368697.55343490303
122,30.5,36.0,1.0,138.0,0.03421052631578947,0.0,0.0,0.0,0.0,35.0,0.0,0.0,0.0,370211.30343490303
123,30.75,37.0,4.0,141.0,0.03421052631578947,0.0,0.0,0.0,0.0,33.0,0.0,0.0,0.0,371663.3434349031
124,31.0,38.0,6.0,145.0,0.03421052631578947,0.0,0.0,0.0,0.0,32.0,0.0,0.0,0.0,373103.353434903
125,31.25,40.0,9.0,149.0,0.03421052631578947,0.0,0.0,0.0,0.0,31.0,0.0,0.0,0.0,374529.36343490303
126,31.5,42.0,12.0,152.0,0.03421052631578947,0.0,0.0,0.0,0.0,30.0,0.0,0.0,0.0,375931.87343490304
127,31.75,43.0,18.0,156.0,0.03421052631578947,0.0,0.0,0.0,0.0,25.0,0.0,0.0,0.0,377125.87343490304
128,32.0,45.0,24.0,160.0,0.03421052631578947,0.0,0.0,0.0,0.0,21.0,0.0,0.0,0.0,378149.7834349031
129,32.25,46.0,29.0,150.0,0.03421052631578947,0.0,0.0,0.0,0.0,17.0,0.0,0.0,0.0,378936.19343490305
130,32.5,48.0,34.0,140.0,0.03421052631578947,0.0,0.0,0.0,0.0,14.0,0.0,0.0,0.0,379548.7834349031
131,32.75,49.0,39.0,130.0,0.03421052631578947,0.0,0.0,0.0,0.0,10.0,0.0,0.0,0.0,379961.44343490305
132,33.0,50.0,44.0,120.0,0.03421052631578947,0.0,0.0,0.0,0.0,6.0,0.0,0.0,0.0,380194.103434903
133,33.25,50.0,48.0,105.0,0.03421052631578947,0.0,0.0,0.0,0.0,2.0,0.0,0.0,0.0,380264.26343490306
134,33.5,49.0,53.0,90.0,0.04371052631578947,-4.0,0.0,0.0,0.0,0.0,0.0,0.0,0.0,380314.30343490303
135,33.75,48.0,58.0,75.0,0.06746052631578947,-10.0,0.0,0.0,0.0,0.0,0.0,0.0,0.0,380439.30343490303
136,34.0,48.0,62.0,60.0,0.10071052631578947,-14.0,0.0,0.0,0.0,0.0,0.0,0.0,0.0,380614.30343490303
137,34.25,47.0,67.0,50.0,0.14821052631578946,-20.0,0.0,0.0,0.0,0.0,0.0,0.0,0.0,380864.30343490303
138,34.5,46.0,72.0,40.0,0.20996052631578946,-26.0,0.0,0.0,0.0,0.0,0.0,0.0,0.0,381189.30343490303
139,34.75,45.0,76.0,30.0,0.2835855263157895,-31.0,0.0,0.0,0.0,0.0,0.0,0.0,0.0,381576.80343490303
140,35.0,44.0,80.0,20.0,0.3690855263157895,-36.0,0.0,0.0,0.0,0.0,0.0,0.0,0.0,382026.80343490303
141,35.25,43.0,83.0,13.0,0.4640855263157895,-40.0,0.0,0.0,0.0,0.0,0.0,0.0,0.0,382526.80343490303
142,35.5,42.0,86.0,5.0,0.5685855263157895,-44.0,0.0,0.0,0.0,0.0,0.0,0.0,0.0,383076.80343490303
143,35.75,41.0,90.0,-2.0,0.6849605263157895,-49.0,0.0,0.0,0.0,0.0,0.0,0.0,0.0,383689.30343490303
144,36.0,40.0,94.0,-10.0,0.8037105263157895,-50.0,0.0,0.0,0.0,-4.0,0.0,0.0,0.0,384264.46343490307
145,36.25,40.0,95.0,-13.0,0.9224605263157896,-50.0,0.0,0.0,0.0,-5.0,0.0,0.0,0.0,384826.9734349031
146,36.5,39.0,96.0,-15.0,1.0,-50.0,0.0,0.0,0.0,-24.351800554016656,0.0,0.0,0.0,384934.4233428995
147,36.75,38.0,94.0,-18.0,1.0,0.0,0.0,6.0,0.0,-50.0,0.0,0.0,0.0,384316.0016442477
148,37.0,38.0,92.0,-20.0,1.0,0.0,0.0,4.0,0.0,-50.0,0.0,0.0,0.0,383691.0016442477
149,37.25,38.0,89.0,-15.0,1.0,0.0,0.0,1.0,0.0,-50.0,0.0,0.0,0.0,383066.0016442477
150,37.5,39.0,86.0,-10.0,1.0,0.0,0.0,0.0,0.0,-47.0,0.0,0.0,0.0,382478.59164424764
151,37.75,40.0,82.0,-5.0,1.0,0.0,0.0,0.0,0.0,-42.0,0.0,0.0,0.0,381953.84164424764
152,38.0,40.0,78.0,0.0,1.0,0.0,0.0,0.0,0.0,-38.0,0.0,0.0,0.0,381479.0016442477
153,38.25,41.0,74.0,10.0,1.0,0.0,0.0,0.0,0.0,-33.0,0.0,0.0,0.0,381066.7516442477
154,38.5,42.0,71.0,20.0,1.0,0.0,0.0,0.0,0.0,-29.0,0.0,0.0,0.0,380704.41164424765
155,38.75,43.0,68.0,30.0,1.0,0.0,0.0,0.0,0.0,-25.0,0.0,0.0,0.0,380392.0716442477
156,39.0,44.0,64.0,40.0,1.0,0.0,0.0,0.0,0.0,-20.0,0.0,0.0,0.0,380142.3216442477
157,39.25,47.0,60.0,60.0,1.0,0.0,0.0,0.0,0.0,-13.0,0.0,0.0,0.0,379980.3116442477
158,39.5,50.0,55.0,80.0,1.0,0.0,0.0,0.0,0.0,-5.0,0.0,0.0,0.0,379918.4516442477
159,39.75,53.0,50.0,100.0,1.0,0.0,0.0,0.0,0.0,3.0,0.0,0.0,0.0,380020.34164424764
160,40.0,56.0,46.0,120.0,1.0,0.0,0.0,0.0,0.0,10.0,0.0,0.0,0.0,380408.3316442477
161,40.25,61.0,40.0,160.0,1.0,0.0,0.0,0.0,0.0,21.0,0.0,0.0,0.0,381433.29164424766
162,40.5,66.0,34.0,200.0,1.0,0.0,0.0,0.0,0.0,32.0,0.0,0.0,0.0,383314.5016442477
163,40.75,75.0,28.0,240.0,1.0,0.0,0.0,0.0,0.0,47.0,0.0,0.0,0.0,386548.0016442477
164,41.0,84.0,22.0,280.0,1.0,0.0,0.0,0.0,0.0,62.0,0.0,0.0,0.0,391432.7516442477
165,41.25,92.0,17.0,330.0,1.0,0.0,0.0,0.0,0.0,75.0,0.0,0.0,0.0,398278.1916442477
166,41.5,100.0,12.0,380.0,0.9921052631578947,3.0,0.0,0.0,0.0,85.0,0.0,0.0,0.0,407135.4416442477
167,41.75,106.0,8.0,420.0,0.9578947368421052,13.0,0.0,0.0,0.0,85.0,0.0,0.0,0.0,416966.6916442477
168,42.0,112.0,5.0,460.0,0.8605263157894737,37.0,0.0,0.0,0.0,70.0,0.0,0.0,0.0,426093.9416442477
169,42.25,114.0,3.0,480.0,0.7526315789473684,41.0,0.0,0.0,0.0,70.0,0.0,0.0,0.0,435618.9416442477
170,42.5,116.0,1.0,500.0,0.6342105263157894,45.0,0.0,0.0,0.0,70.0,0.0,0.0,0.0,445543.9416442477
171,42.75,117.0,0.0,510.0,0.5105263157894737,47.0,0.0,0.0,0.0,70.0,0.0,0.0,0.0,455668.9416442477
172,43.0,118.0,0.0,520.0,0.45,23.0,0.0,0.0,0.0,95.0,0.0,0.0,0.0,469143.9416442477
173,43.25,117.0,0.0,520.0,0.3263157894736842,47.0,0.0,0.0,0.0,70.0,0.0,0.0,0.0,479450.1916442477
174,43.5,116.0,0.0,520.0,0.20526315789473687,46.0,0.0,0.0,0.0,70.0,0.0,0.0,0.0,489737.6916442477
175,43.75,113.0,0.0,500.0,0.09210526315789476,43.0,0.0,0.0,0.0,70.0,0.0,0.0,0.0,499637.6916442477
176,44.0,110.0,0.0,480.0,0.0,40.0,0.0,0.0,0.0,75.0,0.0,0.0,0.0,509731.6916442477
177,44.25,105.0,0.0,455.0,0.0,0.0,0.0,0.0,0.0,105.0,0.0,0.0,0.0,524603.1916442476
178,44.5,100.0,0.0,430.0,0.0,0.0,0.0,0.0,0.0,100.0,0.0,0.0,0.0,536228.4416442476
179,44.75,94.0,0.0,405.0,0.0,0.0,0.0,0.0,0.0,94.0,0.0,0.0,0.0,546568.8016442477
180,45.0,88.0,0.0,380.0,0.0,0.0,0.0,0.0,0.0,88.0,0.0,0.0,0.0,555699.1616442477
181,45.25,82.0,0.0,350.0,0.0,0.0,0.0,0.0,0.0,82.0,0.0,0.0,0.0,563592.0216442477
182,45.5,77.0,0.0,320.0,0.0,0.0,0.0,0.0,0.0,77.0,0.0,0.0,0.0,570426.0216442477
183,45.75,72.0,0.0,290.0,0.0,0.0,0.0,0.0,0.0,72.0,0.0,0.0,0.0,576276.2716442477
184,46.0,66.0,0.0,260.0,0.0,0.0,0.0,0.0,0.0,66.0,0.0,0.0,0.0,581144.1316442477
185,46.25,62.0,0.0,240.0,0.0,0.0,0.0,0.0,0.0,62.0,0.0,0.0,0.0,585406.7916442477
186,46.5,58.0,0.0,220.0,0.0,0.0,0.0,0.0,0.0,58.0,0.0,0.0,0.0,589104.4516442476
187,46.75,54.0,0.0,200.0,0.0,0.0,0.0,0.0,0.0,54.0,0.0,0.0,0.0,592277.1116442477
188,47.0,50.0,0.0,180.0,0.0,0.0,0.0,0.0,0.0,50.0,0.0,0.0,0.0,594964.7716442477
189,47.25,48.0,0.0,172.0,0.0,0.0,0.0,0.0,0.0,48.0,0.0,0.0,0.0,597448.8116442476
190,47.5,45.0,0.0,165.0,0.0,0.0,0.0,0.0,0.0,45.0,0.0,0.0,0.0,599698.9016442477
191,47.75,42.0,0.0,158.0,0.0,0.0,0.0,0.0,0.0,42.0,0.0,0.0,0.0,601725.4916442477
192,48.0,39.0,0.0,140.0,0.0,0.0,0.0,0.0,0.0,39.0,0.0,0.0,0.0,603431.8316442476
193,48.25,38.0,0.0,138.0,0.0,0.0,0.0,0.0,0.0,38.0,0.0,0.0,0.0,605075.3416442476
194,48.5,38.0,0.0,135.0,0.0,0.0,0.0,0.0,0.0,38.0,0.0,0.0,0.0,606690.3416442476
195,48.75,37.0,0.0,133.0,0.0,0.0,0.0,0.0,0.0,37.0,0.0,0.0,0.0,608244.3516442477
196,49.0,36.0,0.0,130.0,0.0,0.0,0.0,0.0,0.0,36.0,0.0,0.0,0.0,609729.3616442477
197,49.25,36.0,0.0,128.0,0.0,0.0,0.0,0.0,0.0,36.0,0.0,0.0,0.0,611196.3616442477
198,49.5,35.0,0.0,125.0,0.0,0.0,0.0,0.0,0.0,35.0,0.0,0.0,0.0,612596.3716442477
199,49.75,35.0,0.0,122.0,0.0,0.0,0.0,0.0,0.0,35.0,0.0,0.0,0.0,613970.1216442477
200,50.0,34.0,0.0,120.0,0.0,0.0,0.0,0.0,0.0,34.0,0.0,0.0,0.0,615287.6316442477
201,50.25,34.0,0.0,117.0,0.0,0.0,0.0,0.0,0.0,34.0,0.0,0.0,0.0,616579.6316442477
202,50.5,33.0,0.0,115.0,0.0,0.0,0.0,0.0,0.0,33.0,0.0,0.0,0.0,617817.1416442477
203,50.75,33.0,0.0,113.0,0.0,0.0,0.0,0.0,0.0,33.0,0.0,0.0,0.0,619038.1416442477
204,51.0,32.0,0.0,110.0,0.0,0.0,0.0,0.0,0.0,32.0,0.0,0.0,0.0,620198.1516442477
205,51.25,32.0,0.0,107.0,0.0,0.0,0.0,0.0,0.0,32.0,0.0,0.0,0.0,621334.1516442477
206,51.5,32.0,0.0,105.0,0.0,0.0,0.0,0.0,0.0,32.0,0.0,0.0,0.0,622454.1516442477
207,51.75,31.0,0.0,103.0,0.0,0.0,0.0,0.0,0.0,31.0,0.0,0.0,0.0,623523.6616442477
208,52.0,31.0,0.0,100.0,0.0,0.0,0.0,0.0,0.0,31.0,0.0,0.0,0.0,624569.9116442477
209,52.25,31.0,0.0,100.0,0.0,0.0,0.0,0.0,0.0,31.0,0.0,0.0,0.0,625616.1616442477
210,52.5,31.0,0.0,100.0,0.0,0.0,0.0,0.0,0.0,31.0,0.0,0.0,0.0,626662.4116442477
211,52.75,31.0,0.0,100.0,0.0,0.0,0.0,0.0,0.0,31.0,0.0,0.0,0.0,627708.6616442477
212,53.0,31.0,0.0,100.0,0.0,0.0,0.0,0.0,0.0,31.0,0.0,0.0,0.0,628754.9116442477
213,53.25,32.0,0.0,105.0,0.0,0.0,0.0,0.0,0.0,32.0,0.0,0.0,0.0,629874.9216442477
214,53.5,32.0,0.0,110.0,0.0,0.0,0.0,0.0,0.0,32.0,0.0,0.0,0.0,631034.9216442477
215,53.75,32.0,0.0,115.0,0.0,0.0,0.0,0.0,0.0,32.0,0.0,0.0,0.0,632234.9216442477
216,54.0,33.0,0.0,120.0,0.0,0.0,0.0,0.0,0.0,33.0,0.0,0.0,0.0,633513.6816442476
217,54.25,34.0,1.0,124.0,0.0,0.0,0.0,0.0,0.0,33.0,0.0,0.0,0.0,634825.4316442476
218,54.5,35.0,2.0,128.0,0.0,0.0,0.0,0.0,0.0,33.0,0.0,0.0,0.0,636170.1816442476
219,54.75,36.0,6.0,131.0,0.0,0.0,0.0,0.0,0.0,30.0,0.0,0.0,0.0,637415.2716442477
220,55.0,37.0,10.0,135.0,0.0,0.0,0.0,0.0,0.0,27.0,0.0,0.0,0.0,638562.8616442477
221,55.25,39.0,15.0,139.0,0.0,0.0,0.0,0.0,0.0,24.0,0.0,0.0,0.0,639606.9516442476
222,55.5,40.0,20.0,142.0,0.0,0.0,0.0,0.0,0.0,20.0,0.0,0.0,0.0,640492.1116442477
223,55.75,42.0,28.0,146.0,0.0,0.0,0.0,0.0,0.0,14.0,0.0,0.0,0.0,641125.9716442476
224,56.0,44.0,35.0,150.0,0.0,0.0,0.0,0.0,0.0,9.0,0.0,0.0,0.0,641542.4716442476
225,56.25,45.0,42.0,135.0,0.0,0.0,0.0,0.0,0.0,3.0,0.0,0.0,0.0,641670.3316442476
226,56.5,46.0,48.0,120.0,0.00475,-2.0,0.0,0.0,0.0,0.0,0.0,0.0,0.0,641695.4216442477
227,56.75,47.0,55.0,105.0,0.02375,-8.0,0.0,0.0,0.0,0.0,0.0,0.0,0.0,641795.4216442477
228,57.0,48.0,62.0,90.0,0.056999999999999995,-14.0,0.0,0.0,0.0,0.0,0.0,0.0,0.0,641970.4216442477
229,57.25,48.0,68.0,75.0,0.1045,-20.0,0.0,0.0,0.0,0.0,0.0,0.0,0.0,642220.4216442477
230,57.5,47.0,74.0,60.0,0.168625,-27.0,0.0,0.0,0.0,0.0,0.0,0.0,0.0,642557.9216442477
231,57.75,46.0,79.0,45.0,0.247,-33.0,0.0,0.0,0.0,0.0,0.0,0.0,0.0,642970.4216442477
232,58.0,46.0,85.0,30.0,0.339625,-39.0,0.0,0.0,0.0,0.0,0.0,0.0,0.0,643457.9216442477
233,58.25,45.0,92.0,20.0,0.45125000000000004,-47.0,0.0,0.0,0.0,0.0,0.0,0.0,0.0,644045.4216442477
234,58.5,44.0,98.0,10.0,0.5700000000000001,-50.0,0.0,0.0,0.0,-4.0,0.0,0.0,0.0,644620.5816442476
235,58.75,43.0,103.0,0.0,0.6887500000000001,-50.0,0.0,0.0,0.0,-10.0,0.0,0.0,0.0,645120.9416442476
236,59.0,42.0,108.0,-10.0,0.8075000000000001,-50.0,0.0,0.0,0.0,-16.0,0.0,0.0,0.0,645546.3016442477
237,59.25,41.0,112.0,-18.0,0.9262500000000001,-50.0,0.0,0.0,0.0,-21.0,0.0,0.0,0.0,645909.0516442477
238,59.5,40.0,116.0,-25.0,1.0,-50.0,0.0,0.0,0.0,-44.94736842105269,0.0,0.0,0.0,645741.1021982643
239,59.75,39.0,120.0,-33.0,1.0,0.0,0.0,31.0,0.0,-50.0,0.0,0.0,0.0,645116.357489123
240,60.0,38.0,124.0,-40.0,1.0,0.0,0.0,36.0,0.0,-50.0,0.0,0.0,0.0,644491.357489123
241,60.25,38.0,125.0,-43.0,1.0,0.0,0.0,37.0,0.0,-50.0,0.0,0.0,0.0,643866.357489123
242,60.5,37.0,126.0,-45.0,1.0,0.0,0.0,39.0,0.0,-50.0,0.0,0.0,0.0,643241.357489123
243,60.75,36.0,124.0,-48.0,1.0,0.0,0.0,38.0,0.0,-50.0,0.0,0.0,0.0,642616.357489123
244,61.0,36.0,122.0,-50.0,1.0,0.0,0.0,36.0,0.0,-50.0,0.0,0.0,0.0,641991.357489123
245,61.25,36.0,119.0,-45.0,1.0,0.0,0.0,33.0,0.0,-50.0,0.0,0.0,0.0,641366.357489123
246,61.5,37.0,116.0,-40.0,1.0,0.0,0.0,29.0,0.0,-50.0,0.0,0.0,0.0,640741.357489123
247,61.75,38.0,110.0,-35.0,1.0,0.0,0.0,22.0,0.0,-50.0,0.0,0.0,0.0,640116.357489123
248,62.0,38.0,105.0,-30.0,1.0,0.0,0.0,17.0,0.0,-50.0,0.0,0.0,0.0,639491.357489123
249,62.25,39.0,100.0,-20.0,1.0,0.0,0.0,11.0,0.0,-50.0,0.0,0.0,0.0,638866.357489123
250,62.5,40.0,96.0,-10.0,1.0,0.0,0.0,6.0,0.0,-50.0,0.0,0.0,0.0,638241.357489123
251,62.75,41.0,91.0,0.0,1.0,0.0,0.0,0.0,0.0,-50.0,0.0,0.0,0.0,637616.357489123
252,63.0,42.0,86.0,10.0,1.0,0.0,0.0,0.0,0.0,-44.0,0.0,0.0,0.0,637066.717489123
253,63.25,45.0,80.0,28.0,1.0,0.0,0.0,0.0,0.0,-35.0,0.0,0.0,0.0,636630.027489123
254,63.5,48.0,74.0,45.0,1.0,0.0,0.0,0.0,0.0,-26.0,0.0,0.0,0.0,636305.837489123
255,63.75,52.0,68.0,62.0,1.0,0.0,0.0,0.0,0.0,-16.0,0.0,0.0,0.0,636106.837489123
256,64.0,55.0,62.0,80.0,1.0,0.0,0.0,0.0,0.0,-7.0,0.0,0.0,0.0,636020.147489123
257,64.25,62.0,54.0,120.0,1.0,0.0,0.0,0.0,0.0,8.0,0.0,0.0,0.0,636332.397489123
258,64.5,68.0,46.0,160.0,1.0,0.0,0.0,0.0,0.0,22.0,0.0,0.0,0.0,637406.857489123
259,64.75,78.0,38.0,200.0,1.0,0.0,0.0,0.0,0.0,40.0,0.0,0.0,0.0,639760.097489123
260,65.0,88.0,30.0,240.0,1.0,0.0,0.0,0.0,0.0,58.0,0.0,0.0,0.0,643750.837489123
261,65.25,96.0,24.0,300.0,1.0,0.0,0.0,0.0,0.0,72.0,0.0,0.0,0.0,649782.797489123
262,65.5,105.0,18.0,360.0,0.9947368421052631,2.0,0.0,0.0,0.0,85.0,0.0,0.0,0.0,658203.237489123
263,65.75,110.0,12.0,410.0,0.9605263157894737,13.0,0.0,0.0,0.0,85.0,0.0,0.0,0.0,667821.987489123
264,66.0,115.0,7.0,460.0,0.8605263157894737,38.0,0.0,0.0,0.0,70.0,0.0,0.0,0.0,676961.737489123
265,66.25,117.0,4.0,490.0,0.7473684210526316,43.0,0.0,0.0,0.0,70.0,0.0,0.0,0.0,686686.737489123
266,66.5,119.0,1.0,520.0,0.6868421052631579,23.0,0.0,0.0,0.0,95.0,0.0,0.0,0.0,700161.737489123
267,66.75,120.0,0.0,535.0,0.6210526315789474,25.0,0.0,0.0,0.0,95.0,0.0,0.0,0.0,714011.737489123
268,67.0,120.0,0.0,550.0,0.5552631578947369,25.0,0.0,0.0,0.0,95.0,0.0,0.0,0.0,728217.987489123
269,67.25,119.0,0.0,550.0,0.4921052631578948,24.0,0.0,0.0,0.0,95.0,0.0,0.0,0.0,742411.737489123
270,67.5,118.0,0.0,550.0,0.4315789473684211,23.0,0.0,0.0,0.0,95.0,0.0,0.0,0.0,756592.987489123
271,67.75,115.0,0.0,525.0,0.3131578947368422,45.0,0.0,0.0,0.0,70.0,0.0,0.0,0.0,766961.737489123
272,68.0,112.0,0.0,500.0,0.2026315789473685,42.0,0.0,0.0,0.0,70.0,0.0,0.0,0.0,776849.237489123
273,68.25,107.0,0.0,475.0,0.10526315789473692,37.0,0.0,0.0,0.0,70.0,0.0,0.0,0.0,786236.737489123
274,68.5,102.0,0.0,450.0,0.021052631578947448,32.0,0.0,0.0,0.0,70.0,0.0,0.0,0.0,795124.237489123
275,68.75,96.0,0.0,425.0,0.021052631578947448,0.0,0.0,0.0,0.0,96.0,0.0,0.0,0.0,806170.997489123
276,69.0,90.0,0.0,400.0,0.021052631578947448,0.0,0.0,0.0,0.0,90.0,0.0,0.0,0.0,815958.857489123
277,69.25,84.0,0.0,365.0,0.021052631578947448,0.0,0.0,0.0,0.0,84.0,0.0,0.0,0.0,824359.217489123
278,69.5,78.0,0.0,330.0,0.021052631578947448,0.0,0.0,0.0,0.0,78.0,0.0,0.0,0.0,831477.077489123
279,69.75,72.0,0.0,295.0,0.021052631578947448,0.0,0.0,0.0,0.0,72.0,0.0,0.0,0.0,837417.437489123
280,70.0,66.0,0.0,260.0,0.021052631578947448,0.0,0.0,0.0,0.0,66.0,0.0,0.0,0.0,842285.297489123
281,70.25,62.0,0.0,238.0,0.021052631578947448,0.0,0.0,0.0,0.0,62.0,0.0,0.0,0.0,846516.957489123
282,70.5,57.0,0.0,215.0,0.021052631578947448,0.0,0.0,0.0,0.0,57.0,0.0,0.0,0.0,850079.707489123
283,70.75,52.0,0.0,193.0,0.021052631578947448,0.0,0.0,0.0,0.0,52.0,0.0,0.0,0.0,853043.957489123
284,71.0,48.0,0.0,170.0,0.021052631578947448,0.0,0.0,0.0,0.0,48.0,0.0,0.0,0.0,855504.117489123
285,71.25,46.0,0.0,163.0,0.021052631578947448,0.0,0.0,0.0,0.0,46.0,0.0,0.0,0.0,857781.157489123
286,71.5,44.0,0.0,155.0,0.021052631578947448,0.0,0.0,0.0,0.0,44.0,0.0,0.0,0.0,859871.197489123
287,71.75,41.0,0.0,148.0,0.021052631578947448,0.0,0.0,0.0,0.0,41.0,0.0,0.0,0.0,861747.0374891231
